tokenized_text,relevances,true label,predicted label
"['fears', 'for', 't', 'n', 'pension', 'after', 'talks', 'unions', 'representing', 'workers', 'at', 'turner', 'newall', 'say', 'they', 'are', ""disappointed'after"", 'talks', 'with', 'stricken', 'parent', 'firm', 'federal', 'mogul']","[0.10211534890620981, 0.11771401448231901, 0.09627641505058325, 0.1347512889862344, 0.06297693703482315, 0.13981933234437768, 0.11857837276476128, 0.03993992442116393, 0.09230975372288652, 0.07532539698468427, 0.09468775064381516, 0.1701692653902197, 0.16950667918268691, 0.11336309249337438, 0.047170162200927734, 0.02743841629946215, 0.005737423616777983, 0.051885295849690184, 0.017828196115945938, 0.09008246999085458, 0.12734678886191986, 0.06803726415664035, 0.06895880974028455, 0.003581976810819144]",2,2
"['the', 'race', 'is', 'on', 'second', 'private', 'team', 'sets', 'launch', 'date', 'for', 'human', 'spaceflight', 'space', 'com', 'space', 'com', 'toronto', 'canada', 'a', 'second', 'team', 'of', 'rocketeers', 'competing', 'for', 'the', '36', '10', 'million', 'ansari', 'x', 'prize', 'a', 'contest', 'for', 'privately', 'funded', 'suborbital', 'space', 'flight', 'has', 'officially', 'announced', 'the', 'first', 'launch', 'date', 'for', 'its', 'manned', 'rocket']","[3.4150861094564634e-05, 0.0006954647042067831, 0.00023071873901299854, 0.00027756716615650744, 0.0011388691926924293, 0.0006345367595538118, 0.00036726144223764783, 0.0005953596372877403, 0.00021102480949156328, 6.937585270509e-05, 7.220723869209819e-05, 0.0001058383428561631, 8.921219177601678e-05, 0.00012171956825748435, 0.001202404147317984, 0.0, 0.002591082841417862, 1.8827665594025927e-05, 0.00024382131059652885, 0.0002250338848422971, 7.770629243962645e-05, 5.504425302526667e-05, 0.0003882946413596038, 5.2836716918893744e-05, 5.240996055632492e-05, 0.0, 1.4840550603484002e-05, 0.0, 1.4280066592246785e-05, 0.00010203662360730517, 2.332948173947233e-05, 0.0002915788587656303, 0.0004109113812824091, 8.739019471474926e-05, 0.00012548697832617526, 3.3959808476137245e-05, 5.141613434010046e-05, 9.207567005243974e-05, 4.657460242632532e-05, 2.4908560451191904e-05, 9.800720208299504e-05, 7.957973595356924e-05, 5.429682759378049e-05, 6.642589426974753e-05, 3.260197756740491e-05, 0.00012646749110669338, 9.747118034560548e-06, 0.00014990448357434313, 3.2156962110468446e-06, 9.789915479278706e-06, 9.991036420936762e-05, 7.596546437473094e-06]",3,3
"['ky', 'company', 'wins', 'grant', 'to', 'study', 'peptides', 'ap', 'ap', 'a', 'company', 'founded', 'by', 'a', 'chemistry', 'researcher', 'at', 'the', 'university', 'of', 'louisville', 'won', 'a', 'grant', 'to', 'develop', 'a', 'method', 'of', 'producing', 'better', 'peptides', 'which', 'are', 'short', 'chains', 'of', 'amino', 'acids', 'the', 'building', 'blocks', 'of', 'proteins']","[0.04164694104087112, 0.16390920540018236, 0.012739942665981009, 0.014785821812093774, 0.0, 0.026395781108204796, 0.18192407036751912, 0.168758199385953, 0.2001306020029516, 0.23174860745308815, 0.015453662111905695, 0.08010663231925201, 0.02831304137361351, 0.0016460218219439058, 0.042892572585589046, 0.006885906786069695, 0.0230315919483699, 0.0, 0.0, 0.0, 0.016539290970516006, 0.020998539751169755, 0.01666862567175363, 0.0, 0.0, 0.022349639792245798, 0.0, 0.006643676672893129, 0.008090265262293067, 0.02155965359545811, 0.005171084041020643, 0.11584491938766603, 0.0324909925105708, 0.021936139083379727, 0.017141547027282312, 0.006991609632392299, 0.0030669149526480707, 0.0, 0.0, 0.04390182174910587, 0.0, 0.00818067680736684, 0.014587012191699304, 0.0]",3,3
"['prediction', 'unit', 'helps', 'forecast', 'wildfires', 'ap', 'ap', ""it's"", 'barely', 'dawn', 'when', 'mike', 'fitzpatrick', 'starts', 'his', 'shift', 'with', 'a', 'blur', 'of', 'colorful', 'maps', 'figures', 'and', 'endless', 'charts', 'but', 'already', 'he', 'knows', 'what', 'the', 'day', 'will', 'bring', 'lightning', 'will', 'strike', 'in', 'places', 'he', 'expects', 'winds', 'will', 'pick', 'up', 'moist', 'places', 'will', 'dry', 'and', 'flames', 'will', 'roar']","[0.0004733694852347305, 0.00016554560424251945, 0.00032817443097385717, 0.003270294123493893, 0.04531601212597424, 0.04229262406692942, 0.014741343813131474, 0.008183882648536292, 7.603855734323861e-05, 0.0003645276937991806, 0.00012855030613586566, 0.008939584699229796, 0.0002291584779667275, 0.00016702893092026294, 0.00010916040239131496, 0.00015728284819536894, 0.00023797970787612055, 3.4344949386322016e-06, 0.00010982311157244556, 0.00013550740933886867, 0.00020379320763632398, 0.000242355382159018, 0.00010378759438075268, 0.00014853303602224252, 0.00021350228613587895, 0.00019125668980994788, 7.131733596238323e-05, 4.077016183707609e-05, 3.185923251942405e-05, 5.29190565063726e-05, 8.142654638629267e-05, 8.670361515300353e-06, 1.573198442208676e-05, 0.0, 9.023438628804242e-05, 0.00020332295662661847, 3.452966208052706e-05, 8.4552436074401e-05, 9.021623140467842e-05, 0.000151923618555947, 0.00016719156530743267, 9.790403166070123e-05, 0.0003857645569357584, 2.2995471954345704e-05, 8.877546234090619e-05, 6.059482714386305e-05, 0.0003362738043459465, 0.00019031024045314913, 3.977810045640569e-05, 8.466623223332512e-05, 3.675887725272629e-05, 0.0001248907492441384, 0.0, 6.936192512512207e-05]",3,3
"['calif', 'aims', 'to', 'limit', 'farm-related', 'smog', 'ap', 'ap', 'southern', ""california's"", 'smog-fighting', 'agency', 'went', 'after', 'emissions', 'of', 'the', 'bovine', 'variety', 'friday', 'adopting', 'the', ""nation's"", 'first', 'rules', 'to', 'reduce', 'air', 'pollution', 'from', 'dairy', 'cow', 'manure']","[0.11568738012606654, 0.03824590297701859, 0.0, 0.05740915564153392, 0.05997988659874434, 0.09384892767281759, 0.10613025963532505, 0.19847020147657962, 0.018632381127386823, 0.05682183713894995, 0.09278989683832858, 0.09547510374698999, 0.04188419916862194, 0.0235637871167786, 0.06474571693550657, 0.021335992719452395, 0.01705044326459176, 0.015497074315152855, 0.012817576427591149, 0.06621254588721218, 0.11019200182791264, 0.0, 0.03239658812099846, 0.00925543882343062, 0.03648826698604992, 0.0, 0.014843659668318313, 0.04979934844875778, 0.06805857587088472, 0.0528590529277077, 0.022473539631549036, 0.01657026568672586, 0.0]",3,3
"['open', 'letter', 'against', 'british', 'copyright', 'indoctrination', 'in', 'schools', 'the', 'british', 'department', 'for', 'education', 'and', 'skills', 'dfes', 'recently', 'launched', 'a', 'music', 'manifesto', 'campaign', 'with', 'the', 'ostensible', 'intention', 'of', 'educating', 'the', 'next', 'generation', 'of', 'british', 'musicians', 'unfortunately', 'they', 'also', 'teamed', 'up', 'with', 'the', 'music', 'industry', 'emi', 'and', 'various', 'artists', 'to', 'make', 'this', 'popular', 'emi', 'has', 'apparently', 'negotiated', 'their', 'end', 'well', 'so', 'that', 'children', 'in', 'our', 'schools', 'will', 'now', 'be', 'indoctrinated', 'about', 'the', 'illegality', 'of', 'downloading', 'music', 'the', 'ignorance', 'and', 'audacity', 'of', 'this', 'got', 'to', 'me', 'a', 'little', 'so', 'i', 'wrote', 'an', 'open', 'letter', 'to', 'the', 'dfes', 'about', 'it', 'unfortunately', ""it's"", 'pedantic', 'as', 'i', 'suppose', 'you', 'have', 'to', 'be', 'when', 'writing', 'to', 'goverment', 'representatives', 'but', 'i', 'hope', 'you', 'find', 'it', 'useful', 'and', 'perhaps', 'feel', 'inspired', 'to', 'do', 'something', 'similar', 'if', 'or', 'when', 'the', 'same', 'thing', 'has', 'happened', 'in', 'your', 'area']","[0.00044689480144157633, 0.0002044201210047309, 0.0004482514064979882, 0.0004835384358995454, 0.000275038878592575, 0.0007660499879198946, 0.00018250749149994469, 0.0006282942595672668, 0.0, 0.00045582570571389355, 0.0003623340514650297, 0.00017035282468848983, 7.040179656137037e-06, 0.0, 0.00013907675352631783, 0.00017696921782266433, 0.00021541026918512428, 0.000280581949719629, 0.0001302093326974348, 0.0004212726952492332, 0.00030524587582291684, 0.005046584306591273, 0.0, 1.60380311782643e-05, 0.00013070541440986117, 6.233026104499903e-05, 8.131514496450073e-07, 0.00021696527452520973, 0.00010291715518599112, 4.42242115181769e-05, 0.0, 0.0, 0.0002454219517224361, 0.00030222650166730964, 0.00902467594896103, 8.882351058189043e-05, 0.00010254267754470724, 0.00024002470327420857, 0.0, 0.0, 3.1852952983938215e-05, 0.00013515219577643717, 0.00022067388330369633, 0.003970780760536064, 0.00018588025860742974, 7.741161270986983e-05, 0.00018838880057934156, 0.0, 0.00013877398579693363, 0.0001301691537587798, 0.000274851309364171, 0.00017922514641167776, 0.00016354343659626241, 0.00017882431548722668, 7.307851061140481e-05, 8.286831209869103e-05, 0.00011957449080577238, 0.002100046432398423, 0.00018256684639254657, 8.125910488616535e-05, 0.00024240191872149992, 1.9817324969733367e-05, 0.00036085168473701885, 9.824308430678889e-05, 1.8024459034461496e-05, 0.00016232925635292265, 5.261788961010368e-05, 0.00016589214047419597, 0.0011287231609044578, 4.345010575011019e-05, 0.00017557434397581366, 1.7290167666135945e-05, 0.00021067933975049718, 0.0005736025679176737, 0.0003298860727532866, 0.0005096083732741377, 5.381778673308404e-06, 0.00014399548907448805, 9.019561474351856e-06, 0.0005890341020485627, 0.00013724175943599336, 0.0, 9.149556099791578e-05, 0.0, 0.00010532964851938719, 0.0008755362525751506, 0.0, 0.0001768146434594998, 0.0, 0.0, 0.0, 0.0, 0.00029328146816849074, 0.0006257956270205115, 0.00042605332948174264, 0.0002462351640744061, 0.0024185002226960782, 0.00012825194998082888, 0.0001575074566258097, 0.0001676363849438125, 6.396549591088715e-05, 5.9519812860107685e-05, 0.0001063945649047337, 0.0002278295772682887, 0.0, 0.00014661740264040792, 0.00010943217417255682, 0.00013470645471600807, 9.21472138207114e-05, 0.0003530835235387149, 0.0014226918799507518, 0.0006767593576281264, 2.7394294738769533e-05, 6.593061989449743e-05, 5.1180500398321955e-05, 0.0, 6.487081830678572e-05, 0.0002726275730786301, 1.0764439694183402e-05, 0.00015203241237211199, 0.00011328291268450256, 0.00018983219892017416, 0.0, 9.531079722077637e-05, 6.592536652379649e-05, 0.0007344552132297996, 0.0009264765908522977, 0.0005961023405313635, 0.00013874585112661736, 3.9148962555935286e-05, 4.269045110636288e-05, 2.3846694005464765e-05, 9.591344216453456e-05, 1.1255084044885133e-05, 6.042030247926953e-05, 7.621703997233721e-05, 0.00033875793666076595]",3,3
"['loosing', 'the', 'war', 'on', 'terrorism', 'sven', 'jaschan', 'self-confessed', 'author', 'of', 'the', 'netsky', 'and', 'sasser', 'viruses', 'is', 'responsible', 'for', '70', 'percent', 'of', 'virus', 'infections', 'in', '2004', 'according', 'to', 'a', 'six-month', 'virus', 'roundup', 'published', 'wednesday', 'by', 'antivirus', 'company', 'sophos', 'the', '18-year-old', 'jaschan', 'was', 'taken', 'into', 'custody', 'in', 'germany', 'in', 'may', 'by', 'police', 'who', 'said', 'he', 'had', 'admitted', 'programming', 'both', 'the', 'netsky', 'and', 'sasser', 'worms', 'something', 'experts', 'at', 'microsoft', 'confirmed', 'a', 'microsoft', 'antivirus', 'reward', 'program', 'led', 'to', 'the', ""teenager's"", 'arrest', 'during', 'the', 'five', 'months', 'preceding', ""jaschan's"", 'capture', 'there', 'were', 'at', 'least', '25', 'variants', 'of', 'netsky', 'and', 'one', 'of', 'the', 'port-scanning', 'network', 'worm', 'sasser', 'graham', 'cluley', 'senior', 'technology', 'consultant', 'at', 'sophos', 'said', 'it', 'was', 'staggeri']","[4.567376104956796e-05, 2.7945488943427234e-05, 3.3892450825532355e-05, 0.0, 0.0004321773297084107, 4.1062951382326775e-05, 4.064343507108741e-05, 4.4748529767914594e-05, 2.880128562227368e-05, 0.0, 4.814712530792806e-06, 4.25790698537354e-05, 1.0452513034086789e-05, 2.2104801711473152e-05, 1.0531578327501267e-06, 4.434782241782209e-05, 0.0, 0.0, 2.9890697629315708e-06, 1.344612971809824e-05, 0.0, 0.00010705872238976155, 4.095843007127217e-05, 0.00010049383214719947, 0.0001116305906296747, 0.0, 0.0, 1.898519708409484e-05, 2.667843509144821e-05, 3.499029231155467e-05, 1.649679122048264e-05, 3.616159561961148e-05, 2.7106837063947952e-05, 1.7945688827181447e-05, 6.73229435125672e-05, 2.0014902954980733e-05, 1.5012847060720206e-05, 2.4716588408321672e-05, 1.4722251403786546e-05, 1.350695391726081e-05, 0.0, 0.0, 0.0, 0.0, 0.0, 2.794476429228336e-05, 0.0, 8.257852773853207e-06, 1.9031053602976184e-06, 7.150671578422577e-05, 6.140232847871073e-06, 7.050480110378564e-06, 6.013738127515352e-07, 6.451176037852479e-06, 2.161270958266993e-06, 8.285038238708108e-06, 5.851357616276798e-06, 0.0, 2.5747384918890425e-05, 0.0, 1.0095997003089076e-05, 2.3119130670752335e-05, 1.757130774851183e-05, 2.1156665654385296e-05, 2.2734116265401376e-05, 1.4609662477668953e-05, 2.1047230193716048e-05, 7.85851671908113e-06, 2.2714413592111622e-05, 2.201719174946676e-05, 8.57029792776848e-06, 3.246155027035305e-06, 2.4196483828317993e-05, 0.0, 1.0057399508767196e-06, 2.4150164710324756e-05, 1.1478913229146548e-05, 6.16777492479477e-06, 0.0, 1.9047349996659637e-06, 5.961138634173708e-06, 1.646096906320379e-05, 1.9044862899580432e-06, 6.633603931314533e-07, 0.0, 1.6274675669568639e-06, 0.0, 0.0, 2.4987264272335686e-06, 1.3723058748868211e-05, 0.0, 3.700151399022152e-05, 3.94864164459044e-06, 1.840730271307714e-05, 1.5993949542586355e-05, 1.8102549813011375e-06, 2.6561720528544305e-05, 2.7804700423514703e-05, 2.361399497028781e-05, 2.2718139183382567e-05, 1.71075835414932e-05, 2.8602573755190207e-05, 1.240697546308979e-05, 7.080442250720286e-06, 1.9130380306600276e-05, 1.6580189037829265e-05, 0.0, 2.7112911535037065e-05, 8.802852479630639e-07, 6.338731575350465e-06, 2.139872235907914e-08]",3,3
"['foafkey', 'foaf', 'pgp', 'key', 'distribution', 'and', 'bloom', 'filters', 'foaf', 'loaf', 'and', 'bloom', 'filters', 'have', 'a', 'lot', 'of', 'interesting', 'properties', 'for', 'social', 'network', 'and', 'whitelist', 'distribution', 'i', 'think', 'we', 'can', 'go', 'one', 'level', 'higher', 'though', 'and', 'include', 'gpg', 'openpgp', 'key', 'fingerpring', 'distribution', 'in', 'the', 'foaf', 'file', 'for', 'simple', 'web-of-trust', 'based', 'key', 'distribution', 'what', 'if', 'we', 'used', 'foaf', 'and', 'included', 'the', 'pgp', 'key', 'fingerprint', 's', 'for', 'identities', 'this', 'could', 'mean', 'a', 'lot', 'you', 'include', 'the', 'pgp', 'key', 'fingerprints', 'within', 'the', 'foaf', 'file', 'of', 'your', 'direct', 'friends', 'and', 'then', 'include', 'a', 'bloom', 'filter', 'of', 'the', 'pgp', 'key', 'fingerprints', 'of', 'your', 'entire', 'whitelist', 'the', 'source', 'foaf', 'file', 'would', 'of', 'course', 'need', 'to', 'be', 'encrypted', 'your', 'whitelist', 'would', 'be', 'populated', 'from', 'the', 'social', 'network', 'as', 'your', 'client', 'discovered', 'new', 'identit']","[0.00024455416941291384, 0.00019010569653075162, 0.0003703113080021974, 0.0001177011326487649, 0.00020404080724564414, 0.00048634780974048824, 0.0005862092276312378, 9.258257722893056e-05, 0.00019914696240699788, 0.00019191538717943998, 0.0001120856910090788, 0.00013155610770669912, 0.00011641357793667421, 0.00021140529692236355, 0.0, 6.131738983733512e-05, 2.278963931241928e-06, 5.5863863811187554e-05, 0.0001043497634664658, 0.00011559303026478439, 0.0, 4.154616617322645e-05, 0.00016710934615831558, 0.00010442300624044109, 0.00038047665541212896, 0.00020929509180284042, 0.0001334343620293682, 6.584419594507271e-05, 2.065838823174102e-05, 5.875238731217754e-05, 1.4318139743866956e-05, 3.172925284321523e-05, 4.9523663689883765e-05, 0.0009534867292780778, 0.00010773352228866333, 0.00012788395240937695, 2.7899106716669496e-05, 0.00015218556708997046, 0.0, 0.000272449105325903, 7.435084217522662e-05, 0.00010826616109090434, 3.2073117015524904e-05, 6.662881461022312e-05, 1.0432311359120699e-05, 6.575673213465656e-05, 8.625533752014068e-05, 0.00014971779456576665, 0.00021062984813738665, 0.00015657206547720252, 5.642496437153879e-05, 0.0004120991043028856, 3.270194348895497e-05, 8.680987862233824e-05, 6.622909147655213e-05, 0.0003639335724979678, 0.00014090402769391017, 0.0002252876150566734, 0.00011796863043418789, 7.705114531493323e-05, 0.0, 0.00041394294882934614, 2.407356265396403e-06, 0.0006220898730388026, 0.0005158616174633822, 0.00012870278401328776, 4.983843655027428e-05, 0.0003073654818726067, 0.0, 0.00013173260548858607, 0.0009128892711356673, 5.3152425927548705e-05, 3.3637059206224846e-05, 5.4550433144350287e-05, 1.7805339972313525e-05, 7.047618933441706e-05, 8.310673861207137e-06, 2.98512176909154e-06, 6.737792757731871e-05, 9.3446154368131e-06, 2.9775125027668322e-05, 0.0, 0.00010168556560213888, 3.0507158533098847e-05, 0.0006719578742521837, 1.2771637355590702e-05, 6.414774699747282e-05, 7.569535662920232e-05, 5.89712116288702e-05, 3.7078595645636316e-05, 4.622091016687261e-05, 6.4196167077237414e-06, 5.147697475198973e-05, 0.0, 9.476632978443143e-05, 1.324487035741416e-05, 2.4293881958987975e-05, 9.857087150984628e-05, 7.3958083864902e-05, 8.138612349615351e-05, 5.3839965898707063e-05, 0.0002317818045377853, 1.3422225630260113e-05, 1.0806354791334966e-06, 0.0, 0.0, 6.743495761743046e-07, 0.0, 0.0, 8.331456767110287e-05, 4.2190019848947865e-05, 6.318616111231276e-05, 2.369914755809653e-05, 6.098635872337555e-07, 5.2894288388430004e-05, 3.2588767928375403e-05, 1.7153494186917703e-05, 5.705796357898013e-05, 2.0774577956398927e-05, 0.00010060694829406777, 5.159199687681824e-05, 4.675488710453985e-05, 9.609814036907018e-05, 6.474788254677756e-05, 1.8745280786553325e-05]",3,3
"['e-mail', 'scam', 'targets', 'police', 'chief', 'wiltshire', 'police', 'warns', 'about', 'phishing', 'after', 'its', 'fraud', 'squad', 'chief', 'was', 'targeted']","[0.0020978420009761, 0.0033139601980987686, 0.002780387796701902, 0.0025593391860257316, 0.0037533199978133955, 0.008525994153002637, 0.0025861951191597744, 0.0021306435534152023, 0.001052713728641094, 0.06561823672854097, 0.001967755935664973, 0.0009035809773749315, 0.0065532442981919275, 0.002908564121951821, 0.0037512174923233013, 0.00487761985144382, 0.02462618547663882]",3,3
"['card', 'fraud', 'unit', 'nets', '36', '000', 'cards', 'in', 'its', 'first', 'two', 'years', 'the', ""uk's"", 'dedicated', 'card', 'fraud', 'unit', 'has', 'recovered', '36', '000', 'stolen', 'cards', 'and', '171', 'arrests', 'and', 'estimates', 'it', 'saved', '65m']","[0.0591309881224722, 0.11255795703275785, 0.06863039719358606, 0.12876655869931652, 0.06697912712387269, 0.03939124412596356, 0.15651156099436114, 0.020869988746851104, 0.0285799960499072, 0.0036975922300370796, 0.015706965685569202, 0.06911213422308986, 0.11391129918629202, 0.23854173333392187, 0.022577895268184395, 0.04696112766195626, 0.16122473025127812, 0.0, 0.04889900046649253, 0.07965932388394088, 0.02036517213658631, 0.06045720633307712, 0.21636654630108962, 0.1474526840510977, 0.02830046584797174, 0.041792140130916665, 0.17944909631284084, 0.03290558834303622, 0.07214855201334035, 0.048595561385834325, 0.04613725039148297, 0.0]",3,2
"['group', 'to', 'propose', 'new', 'high-speed', 'wireless', 'format', 'los', 'angeles', 'reuters', 'a', 'group', 'of', 'technology', 'companies', 'including', 'texas', 'instruments', 'inc', 'lt', 'txn', 'n', 'gt', 'stmicroelectronics', 'lt', 'stm', 'pa', 'gt', 'and', 'broadcom', 'corp', 'lt', 'brcm', 'o', 'gt', 'on', 'thursday', 'said', 'they', 'will', 'propose', 'a', 'new', 'wireless', 'networking', 'standard', 'up', 'to', '10', 'times', 'the', 'speed', 'of', 'the', 'current', 'generation']","[0.007135183646703698, 0.00221304490369444, 0.0019293441170193837, 0.0008798454412910809, 0.004079333327978401, 0.003051993727884377, 0.004744895475157847, 0.0, 0.0, 0.046986049972316306, 0.0033628443399563866, 0.0018384365257307362, 0.0, 0.001366204425260012, 0.0010931884479898951, 0.0012958462366711159, 0.0, 0.0006588409782747392, 0.0015980164057984, 0.0014529120730475, 0.0013441201777769159, 0.0015936384057989171, 0.0020528403565307283, 0.0012749364140770597, 0.0015585168922601323, 0.002709533680462357, 0.0008368601125555695, 0.0024740388020894517, 0.0015049783396273095, 0.0017054945070186659, 0.0014011842420216345, 0.0018047070311665156, 0.0007471624246644123, 0.0019510596908854066, 0.0007933113982400096, 0.0023605860324854054, 0.0015713540252145994, 0.0007125392975884465, 0.000350705566602493, 0.00042267501931620154, 0.002093035922167357, 9.83699266846868e-05, 0.0008158963582267141, 0.0028490828627066866, 0.0022811396975214436, 0.001717758647542293, 0.0008459944309856293, 0.0, 0.0002966325912831355, 0.0002615565833950243, 0.0, 0.0011283130370309824, 0.0, 0.0005468827447060055, 0.0022017157905033736, 0.0]",3,3
"['apple', 'launches', 'graphics', 'software', 'video', 'bundle', 'los', 'angeles', 'reuters', 'apple', 'computer', 'inc', 'lt', 'aapl', 'o', 'gt', 'on', 'tuesday', 'began', 'shipping', 'a', 'new', 'program', 'designed', 'to', 'let', 'users', 'create', 'real-time', 'motion', 'graphics', 'and', 'unveiled', 'a', 'discount', 'video-editing', 'software', 'bundle', 'featuring', 'its', 'flagship', 'final', 'cut', 'pro', 'software']","[0.0006186838118411447, 0.000576386165930926, 0.00035914571542019884, 0.0005055407632729529, 0.0003870054605156511, 0.0005063393243027881, 0.0, 0.0, 0.009387181615195998, 0.0012221100989135859, 0.002629848785082575, 0.0011144274057961175, 0.00014125296629228137, 0.0007348999967851524, 0.0016718072639551236, 0.0006688432492839005, 0.0006649665026839595, 0.000725823331802423, 0.0012412405015735704, 0.0003945551098227644, 0.00010010801335256734, 0.0003805748147649384, 0.0006340972166599102, 0.00032158203987332865, 0.0, 0.0, 0.00016133892835134373, 0.00012010141249954516, 0.00022212539407638385, 0.00023616477982789963, 0.00021743083398948534, 0.00034049229267044026, 0.0006830133979578387, 8.931996562959345e-05, 7.797689651327246e-05, 0.0003140401135630732, 0.000245408405124935, 0.00153863649962908, 0.00025243694536110996, 4.462357301743644e-05, 0.000274034434376566, 0.00030668932652541756, 0.00011968534769366291, 0.0005403897604115008, 0.0]",3,3
"['dutch', 'retailer', 'beats', 'apple', 'to', 'local', 'download', 'market', 'amsterdam', 'reuters', 'free', 'record', 'shop', 'a', 'dutch', 'music', 'retail', 'chain', 'beat', 'apple', 'computer', 'inc', 'to', 'market', 'on', 'tuesday', 'with', 'the', 'launch', 'of', 'a', 'new', 'download', 'service', 'in', ""europe's"", 'latest', 'battleground', 'for', 'digital', 'song', 'services']","[0.000711223971602849, 0.0027535775762836177, 0.0024653709164845056, 0.0027769473127815638, 3.3382006880163456e-06, 0.0008714724208209761, 0.0012258767193445634, 0.0005554337677342692, 0.004488257388962755, 0.012541865541690771, 0.0014394899293637571, 0.0015775403477742947, 0.0033181040485993803, 0.001108750309689905, 0.0007962498143298834, 0.0006379596297662665, 0.0010918426390354552, 0.002671256331491585, 0.0012152134570659746, 0.0008353366186106958, 0.0026039364318668663, 0.0006474374260280759, 0.0014529457545255948, 0.001779306729569866, 0.0009333066765250062, 0.0005731702551580943, 0.0006168463866716556, 6.196000059071365e-05, 0.0002673358600670283, 0.0, 0.0003859010966849953, 0.00027409506104764423, 0.0008594008478899256, 0.00046477323016453324, 0.00043539144462506185, 0.00019636755886110195, 0.00032671265539683175, 0.0003093012897096782, 0.0006200385836167602, 0.0004046546006164752, 0.0002057802439117918, 0.0]",3,3
"['super', 'ant', 'colony', 'hits', 'australia', 'a', 'giant', '100km', 'colony', 'of', 'ants', 'which', 'has', 'been', 'discovered', 'in', 'melbourne', 'australia', 'could', 'threaten', 'local', 'insect', 'species']","[0.046100432675248944, 0.022883674440518906, 0.11644970531600154, 0.016231540359524198, 0.011618247963888512, 0.02726993630140329, 0.01587306900118014, 0.03824732421246288, 0.008944292712031569, 0.004746354312216728, 0.027946016257644677, 0.009411330684909203, 0.00827470560319054, 0.0, 0.03510006219811048, 0.002569207104412412, 0.006771338353654195, 0.015889658174433986, 0.02300597917759922, 0.026830459216528536, 0.01905040170105108, 0.02256880468121972, 0.006998190485916021]",3,3
"['socialites', 'unite', 'dolphin', 'groups', 'dolphin', 'groups', 'or', 'pods', 'rely', 'on', 'socialites', 'to', 'keep', 'them', 'from', 'collapsing', 'scientists', 'claim']","[0.014847711267934792, 0.017840488622348688, 0.010865833603384408, 0.019039192000571567, 0.03045350145317714, 0.0, 0.031235013830496056, 0.008817296792900763, 0.009530815991690384, 0.0, 0.011770694807497664, 0.0019474763231774332, 0.007112139570233508, 0.010672264814749099, 0.0, 0.018090187294997413, 0.019821597709485102, 0.0]",3,3
"['teenage', 't', ""rex's"", 'monster', 'growth', 'tyrannosaurus', 'rex', 'achieved', 'its', 'massive', 'size', 'due', 'to', 'an', 'enormous', 'growth', 'spurt', 'during', 'its', 'adolescent', 'years']","[0.012489343230417277, 0.013293449616759677, 0.0005814523076802347, 0.004432208774474607, 0.021504025299136843, 0.01554227958621955, 0.00444151730289841, 0.017579459889664382, 0.010717100335859375, 0.004770248615262826, 0.007949704515780137, 0.0034091596615636374, 0.0, 0.005992491313744167, 0.0035653707178676104, 0.0, 0.002896159998932459, 0.0024511782026737624, 0.000941029838237079, 0.005290370398010105, 0.00027956360826018943]",3,3
"['scientists', 'discover', 'ganymede', 'has', 'a', 'lumpy', 'interior', 'jet', 'propulsion', 'lab', 'scientists', 'have', 'discovered', 'irregular', 'lumps', 'beneath', 'the', 'icy', 'surface', 'of', ""jupiter's"", 'largest', 'moon', 'ganymede', 'these', 'irregular', 'masses', 'may', 'be', 'rock', 'formations', 'supported', 'by', ""ganymede's"", 'icy', 'shell', 'for', 'billions', 'of', 'years']","[0.00022765985644201449, 0.0006313875308787478, 0.001988875168909017, 0.0003254074852235786, 0.0002862438254722252, 0.0009708819970731753, 0.0001926810478290005, 0.0005345463752746582, 0.0006991882550050841, 0.0004086168556794829, 0.0009105789118665601, 0.0, 0.00022783223400912964, 9.438976432589809e-05, 1.5610456466674803e-05, 9.008666906212271e-05, 0.0, 0.00013893112223431345, 2.2131968712862715e-05, 0.00020443591091930954, 0.0, 0.0001856052784572428, 0.00011283805104919557, 0.0, 0.0005809770901772362, 0.00016576888267085278, 0.00038515785062270217, 0.0004308006503563774, 0.00016484841202274165, 0.00034714367142417, 0.0005141196862229555, 0.00030582149555026, 0.0001470594734258221, 0.0, 0.0005007228814915158, 0.0001611390344304618, 6.387087128037377e-05, 4.715255470652778e-05, 0.0, 0.0002661968098136862]",3,3
"['mars', 'rovers', 'relay', 'images', 'through', 'mars', 'express', 'european', 'space', 'agency', 'esas', 'mars', 'express', 'has', 'relayed', 'pictures', 'from', 'one', 'of', ""nasa's"", 'mars', 'rovers', 'for', 'the', 'first', 'time', 'as', 'part', 'of', 'a', 'set', 'of', 'interplanetary', 'networking', 'demonstrations', 'the', 'demonstrations', 'pave', 'the', 'way', 'for', 'future', 'mars', 'missions', 'to', 'draw', 'on', 'joint', 'interplanetary', 'networking', 'capabilities']","[0.00011937859790667736, 6.79656197595188e-05, 0.0017256749145368104, 0.001284105722582716, 0.0010455808930904384, 0.000320007193518849, 0.0007608456259928233, 0.0005656867433938744, 0.0, 0.00026048855896894363, 0.002310923556953671, 0.0, 0.0, 0.0006992534115223112, 0.0008907262532187465, 0.0001449783406748366, 0.00039373412385046945, 0.0008877070243994109, 0.0, 4.393274891777154e-05, 0.00012922538644327786, 0.0007012961379725772, 0.0, 0.0, 0.00013476915341748043, 0.0, 0.0004306171893929291, 0.0, 0.0, 0.0, 0.0003587277764805898, 0.0, 0.0010306483994259642, 0.0010092647266251023, 0.0010944536462093172, 0.0013527687818190076, 0.0009914638298658288, 0.0002730231032192797, 2.5282590467252004e-05, 0.0, 0.0, 0.0003880782736094993, 0.0007520317276391267, 0.0002724743648862783, 0.0005127293650066137, 0.00035362352238941727, 0.00018865845335964263, 0.00037156834101271233, 0.0009596200376089556, 0.00027657654657657524, 0.0]",3,3
"['rocking', 'the', 'cradle', 'of', 'life', 'when', 'did', 'life', 'begin', 'one', 'evidential', 'clue', 'stems', 'from', 'the', 'fossil', 'records', 'in', 'western', 'australia', 'although', 'whether', 'these', 'layered', 'sediments', 'are', 'biological', 'or', 'chemical', 'has', 'spawned', 'a', 'spirited', 'debate', 'oxford', 'researcher', 'nicola', 'mcloughlin', 'describes', 'some', 'of', 'the', 'issues', 'in', 'contention']","[0.004659591343654732, 0.0021241511718252996, 0.006950124511352206, 0.0018532878351428127, 0.005058346446416069, 0.001922949293429851, 0.003134595751598874, 0.01726614277883306, 0.0, 0.0033678385920741754, 0.004955073096039703, 0.0014642417743225473, 0.0014369254916164807, 0.0, 0.0022595864352889117, 0.020625505530506214, 0.004812682374423129, 0.001189351688078798, 0.0036183702345091505, 0.003399461053557846, 0.0017354181092186743, 0.0005650653619750232, 0.0003121862744866018, 0.0028519747293572766, 0.006478467635794526, 0.0014430187437479152, 0.0029015269429682436, 0.0, 0.0033182258589501967, 0.0035735486062950894, 0.004168988372135026, 0.000987187258591398, 0.002706114889094076, 0.0009345357022268836, 0.002691401141471526, 0.005038801076789535, 0.0016558427342281252, 0.0029252817999088016, 0.0025248012102264076, 0.0004610423411794061, 0.0, 0.0006698977028121519, 0.0030625172487342444, 0.0012206539857180228, 0.002022875482899773]",3,3
"['storage', 'servers', 'bruise', 'hp', 'earnings', 'update', 'earnings', 'per', 'share', 'rise', 'compared', 'with', 'a', 'year', 'ago', 'but', 'company', 'misses', ""analysts'expectations"", 'by', 'a', 'long', 'shot']","[0.03724104911745582, 0.05188471790363102, 0.18612251345592745, 0.2201410585021074, 0.26859356883229074, 0.3686098893966931, 0.04203744632479519, 0.060320176694127633, 0.05615169320695345, 0.19603947768861774, 0.04965625809643841, 0.004442358289149919, 0.002886717167424132, 0.02481561442103016, 0.2433924641370472, 0.1417151018102952, 0.014040806709912236, 0.021945669996298583, 0.07434109459840713, 0.09870017233936489, 0.0061691418993979385, 0.03108784600025687, 0.004750559161160287]",3,3
"['ibm', 'to', 'hire', 'even', 'more', 'new', 'workers', 'by', 'the', 'end', 'of', 'the', 'year', 'the', 'computing', 'giant', 'plans', 'to', 'have', 'its', 'biggest', 'headcount', 'since', '1991']","[0.05294198093062995, 0.021354222019383765, 0.031902455170561735, 0.023292422615946915, 0.0, 0.05529012493723991, 0.04747181534867068, 0.012492691846244554, 0.0, 0.0, 0.0, 0.011270394951167897, 0.04396065752737872, 0.18106330107819782, 0.05958849729095034, 0.03571617115801063, 0.04850790939127528, 0.0, 0.027113721510481765, 0.0034792223445743024, 0.021732933145241332, 0.04192616633277253, 0.1692679198621505, 0.0]",3,3
"[""sun's"", 'looking', 'glass', 'provides', '3d', 'view', 'developers', 'get', 'early', 'code', 'for', 'new', 'operating', 'system', ""skin'still"", 'being', 'crafted']","[0.003830732283808259, 0.0025035561778128804, 0.004548166029262645, 0.012952964920515233, 0.0008886963017303178, 0.003389877085260886, 0.000727015919020105, 0.0002668491164092107, 0.004931425466617096, 0.0028007886797817415, 0.006991735117628719, 0.0027903508649430035, 0.0, 0.0007481524425965279, 0.002166842449581958, 0.0004995761327077445, 0.0011369162802533739]",3,3
"['ibm', 'chips', 'may', 'someday', 'heal', 'themselves', 'new', 'technology', 'applies', 'electrical', 'fuses', 'to', 'help', 'identify', 'and', 'repair', 'faults']","[0.011530579358462849, 0.0026968260833741963, 0.0011205305836127543, 0.0016770083597619223, 0.0007985953091695407, 0.002623267700858012, 0.004770718543105622, 0.0019114434131626843, 0.0014745366317552209, 0.0004985985968126879, 0.0003119239348289977, 0.0006115294136183395, 0.0001859811092912143, 0.00041262084559244566, 1.3053417205810547e-05, 0.00028577461965627045, 0.0]",3,3
"['some', 'people', 'not', 'eligible', 'to', 'get', 'in', 'on', 'google', 'ipo', 'google', 'has', 'billed', 'its', 'ipo', 'as', 'a', 'way', 'for', 'everyday', 'people', 'to', 'get', 'in', 'on', 'the', 'process', 'denying', 'wall', 'street', 'the', 'usual', 'stranglehold', ""it's"", 'had', 'on', 'ipos', 'public', 'bidding', 'a', 'minimum', 'of', 'just', 'five', 'shares', 'an', 'open', 'process', 'with', '28', 'underwriters', 'all', 'this', 'pointed', 'to', 'a', 'new', 'level', 'of', 'public', 'participation', 'but', 'this', ""isn't"", 'the', 'case']","[0.053551686627153545, 0.02284621939531477, 0.0, 0.020702988266432017, 0.0, 0.0005056839074285786, 0.016445579546142095, 0.023956191674066867, 0.008344340606603428, 0.1246559770408738, 5.5545733563579676e-05, 0.08097072261221548, 0.03852032023610083, 0.033322928345237514, 0.03660938382421176, 0.0, 0.0, 0.013065015806875543, 0.0, 0.015615164811860982, 0.0038142451765609616, 0.0, 0.0, 0.0019614603882390914, 0.005153046682820432, 0.013219958216824059, 0.03409305830089124, 0.054517027304456095, 0.06413389035376091, 0.015759207377075, 0.0, 0.02959350876336559, 0.02975373232150263, 0.02206971809943506, 0.024859235926453574, 0.0207393907403064, 0.040455338506915295, 0.05892479638058117, 0.040826804958930756, 0.012599677984148005, 0.010818588139655102, 0.0, 0.0407810098337481, 0.022102286610175378, 0.02514074838671821, 0.01645207289855716, 0.059474025248776534, 0.055090768004341664, 0.03625416731168771, 0.041103369674254056, 0.06752171580637487, 0.1202244901380042, 0.023062974285624812, 0.0, 0.009993245119787877, 0.0010810527542194986, 0.003726083045069011, 0.018446904821855604, 0.0, 0.03965148749951352, 0.03164558542256354, 0.08792135010198668, 0.009393919630358107, 0.01922415229928529, 0.0, 0.008587815502354487]",3,2
"['rivals', 'try', 'to', 'turn', 'tables', 'on', 'charles', 'schwab', 'by', 'michael', 'liedtke', 'san', 'francisco', 'ap', 'with', 'its', 'low', 'prices', 'and', 'iconoclastic', 'attitude', 'discount', 'stock', 'broker', 'charles', 'schwab', 'corp', 'sch', 'represented', 'an', 'annoying', 'stone', 'in', 'wall', ""street's"", 'wing-tipped', 'shoes', 'for', 'decades']","[0.0003645754869298112, 0.00016441137374437954, 1.4499546491143162e-05, 2.300336702295034e-05, 0.00012508689874743664, 5.5479089312830354e-05, 0.0, 0.00011111432889921965, 0.00012812626391867579, 6.463733656638884e-05, 0.0002916729839798571, 0.0, 0.0002447659362600497, 0.00014766576129615432, 0.0003411714310194702, 0.00011799010341333531, 3.076013018165288e-05, 0.002046537486211456, 2.127531400469287e-05, 0.0001923358850077836, 0.0005217233804835484, 0.000250060676233436, 0.004877962604777156, 0.0002552267059170337, 7.517873236208882e-05, 9.522314133478862e-05, 0.00043063249041057924, 0.0002017129525792393, 0.00023243056808683175, 3.1110838263361664e-05, 0.0001228116324848667, 0.00033993308610013803, 8.431317379111993e-05, 0.00031960216758261314, 4.1921299733949074e-05, 0.00013845452963280754, 0.0002320080161940004, 0.0, 9.436053066288536e-05]",3,2
"['news', 'sluggish', 'movement', 'on', 'power', 'grid', 'cyber', 'security', 'industry', 'cyber', 'security', 'standards', 'fail', 'to', 'reach', 'some', 'of', 'the', 'most', 'vulnerable', 'components', 'of', 'the', 'power', 'grid']","[0.004221074882082592, 0.0020395603897021652, 0.00294991758467148, 0.0009140438969110585, 0.0008786188731186115, 0.0020587191951169743, 0.0012451132968570899, 0.001597548302085063, 0.00196530187437669, 0.001332912026808153, 0.0003469920024929444, 0.000917790439543255, 0.0009570068528604202, 0.0, 0.0005315594247741341, 0.00034290463399884615, 0.0, 0.0, 0.0003054004252826408, 0.0006860114411441826, 0.0002603357648539522, 0.00042977193985974544, 0.0, 0.0001449244054610314, 0.0]",3,3
"['giddy', 'phelps', 'touches', 'gold', 'for', 'first', 'time', 'michael', 'phelps', 'won', 'the', 'gold', 'medal', 'in', 'the', '400', 'individual', 'medley', 'and', 'set', 'a', 'world', 'record', 'in', 'a', 'time', 'of', '4', 'minutes', '8', '26', 'seconds']","[0.0, 0.002576316766257795, 0.0012612021120668587, 0.004638642291464505, 0.001208035157916376, 0.0004940632387349987, 0.001073933454926358, 0.00035628280084468964, 0.0010179883972250298, 0.0006992261331892649, 0.00019098662509570754, 0.00023539416432447966, 0.0, 0.0, 4.942126732522877e-05, 0.0016350554771979117, 0.0015702769618697794, 0.0, 0.0011853719929393299, 0.0013859116180305253, 0.0009226359334463945, 0.000462712525234095, 0.00013568929847892081, 0.00022551065809018649, 0.0, 0.0, 0.0, 0.00013340987069711675, 0.0002979794578735072, 0.0003673712412784905, 0.0018894664740293473, 0.0015545434865184705]",1,1
"['tougher', 'rules', ""won't"", 'soften', ""law's"", 'game', 'foxborough', 'looking', 'at', 'his', 'ridiculously', 'developed', 'upper', 'body', 'with', 'huge', 'biceps', 'and', 'hardly', 'an', 'ounce', 'of', 'fat', ""it's"", 'easy', 'to', 'see', 'why', 'ty', 'law', 'arguably', 'the', 'best', 'cornerback', 'in', 'football', 'chooses', 'physical', 'play', 'over', 'finesse', ""that's"", 'not', 'to', 'imply', 'that', ""he's"", 'lacking', 'a', 'finesse', 'component', 'because', 'he', 'can', 'shut', 'down', 'his', 'side', 'of', 'the', 'field', 'much', 'as', 'deion', 'sanders']","[0.00019538015190013908, 0.0002609089014186303, 0.0003713655378933246, 0.0004281826242894168, 2.6527709627458556e-05, 0.00019941947460028414, 0.00027716446405613146, 0.0002806454468399411, 0.0001445304324165531, 0.00013675527339052475, 8.681849140855085e-05, 0.0002410824966800894, 0.00020493054262044934, 0.00019501172702890708, 0.0003865110389936168, 7.697916517490145e-05, 0.00021865317213229466, 0.00023905566794084376, 5.8504239312002236e-05, 0.0, 6.068684373825218e-05, 0.0, 0.00013669859313214706, 0.00016871732351002915, 0.00018564551220934887, 0.0, 8.278178545471894e-05, 8.328459270085308e-05, 0.0005027612075499341, 0.00018776544502146597, 0.0001896353754642728, 0.0, 8.3897878631652e-05, 0.0003479162633899193, 1.2111676855238793e-05, 0.0003445367358377054, 0.00039354475070659613, 0.00018729542930909405, 0.00023860827761290485, 9.43237517140177e-05, 0.0004370820579009239, 0.00021530405961251565, 0.0002215682086533189, 5.646351645468366e-05, 0.0001737025386154257, 0.0, 0.00021973118270247568, 0.00017266769928140252, 5.919614269478336e-05, 9.795350078967325e-05, 8.172306180577354e-05, 0.0002892132200190345, 0.0001756099794937388, 0.00042003324128741176, 0.00020704124709773432, 4.294071396893506e-05, 8.38372685231822e-05, 0.00014220058121834354, 2.0563602447509766e-06, 0.0, 0.0002420878281095543, 0.00015994659000675193, 0.0, 0.00028194975652616916, 0.0]",1,1
"['shoppach', ""doesn't"", 'appear', 'ready', 'to', 'hit', 'the', 'next', 'level', 'with', 'the', 'weeks', 'dwindling', 'until', 'jason', 'varitek', 'enters', 'free', 'agency', 'the', 'red', 'sox', 'continue', 'to', 'carefully', 'monitor', 'kelly', 'shoppach', 'their', 'catcher', 'of', 'the', 'future', 'in', 'his', 'climb', 'toward', 'the', 'majors', 'the', 'sox', 'like', 'most', 'of', 'what', 'they', 'have', 'seen', 'at', 'triple', 'a', 'pawtucket', 'from', 'shoppach', 'though', 'it', 'remains', 'highly', 'uncertain', 'whether', 'he', 'can', 'make', 'the', 'adjustments', 'at', 'the', 'plate']","[1.6020401572388107e-05, 8.60790864484286e-06, 1.433779113140341e-05, 6.849858617468776e-05, 0.0, 1.1503135210939113e-05, 2.608599773564596e-06, 1.618172908965631e-05, 2.274265399094451e-05, 2.2203423466479636e-05, 3.033617587770204e-05, 1.764891641824015e-05, 3.332649148363053e-05, 0.0002493238023084097, 1.5480476322879506e-05, 2.897902937400481e-05, 1.8012195798486507e-05, 4.568561556434645e-06, 1.649884620470422e-05, 2.5849656609767598e-05, 2.976033113509071e-06, 0.0, 2.5424021880237764e-05, 0.0, 0.0024213025281588406, 1.4915441452131945e-05, 1.929203873846146e-05, 1.2340448820679868e-05, 1.826620880537265e-05, 2.7463871364631323e-05, 1.4943489381917449e-05, 1.0806354791334966e-06, 1.920605326944967e-05, 0.00010003097839013817, 1.4664936030840206e-05, 1.5761068200242363e-05, 8.30508590136706e-06, 1.7760939558035685e-06, 3.723468128244443e-05, 0.0, 3.499888269186354e-05, 4.2807410612291685e-05, 0.0001782283018965894, 9.212149975583568e-06, 7.512145526650451e-06, 2.0401948125655683e-06, 1.1769297297493525e-06, 3.0599050706790874e-05, 2.3168313071514757e-05, 3.785006229678593e-05, 1.2871331498986103e-05, 3.4372127871326634e-05, 5.163874290726665e-05, 5.361123033373156e-05, 6.360825016400352e-05, 2.456813706812124e-05, 1.1991523622701175e-05, 0.0002483573028135431, 5.350653715155241e-05, 5.235711564464794e-06, 0.0, 7.89818296852452e-06, 1.0970605088509225e-05, 5.274543708577167e-06, 9.842447570986534e-06, 1.192508813701405e-05, 1.3873705747996178e-06, 3.3601704017754825e-06]",1,1
"['mighty', 'ortiz', 'makes', 'sure', 'sox', 'can', 'rest', 'easy', 'just', 'imagine', 'what', 'david', 'ortiz', 'could', 'do', 'on', 'a', 'good', ""night's"", 'rest', 'ortiz', 'spent', 'the', 'night', 'before', 'last', 'with', 'his', 'baby', 'boy', ""d'angelo"", 'who', 'is', 'barely', '1', 'month', 'old', 'he', 'had', 'planned', 'on', 'attending', 'the', 'red', ""sox'family"", 'day', 'at', 'fenway', 'park', 'yesterday', 'morning', 'but', 'he', 'had', 'to', 'sleep', 'in', 'after', 'all', 'ortiz', 'had', 'a', 'son', 'at', 'home', 'and', 'he']","[6.622904570134993e-06, 0.0003719015626173038, 0.0001163766290248886, 3.509282149933028e-05, 5.9334899859461154e-05, 4.252662456615635e-05, 3.43461414783649e-05, 7.661646627648567e-05, 6.416504825219005e-05, 9.779864712564842e-05, 0.0, 0.00010691650662613355, 0.0, 1.20580294592216e-05, 4.3852719631384105e-05, 4.5426093091895976e-05, 6.21078498491772e-05, 2.6357398945047057e-05, 3.617973619275517e-05, 5.6005444471069545e-05, 0.00021068838071577588, 6.210150464268507e-05, 1.3438397641501699e-05, 7.03040022371159e-05, 4.407763481140137e-05, 0.0001341013549292712, 5.356038961213382e-05, 3.077128578212971e-05, 6.3139101522753e-05, 7.120276784329424e-05, 5.439314403619795e-05, 2.6881905956900345e-05, 1.7395572433970419e-06, 4.981171036665133e-05, 1.1323548992739362e-05, 5.8844487450609856e-06, 5.281643759526425e-05, 6.485365554380058e-05, 4.6121083359012965e-05, 5.866700448102775e-05, 7.948514972468784e-06, 5.627286157915975e-05, 0.0, 6.149960946991852e-05, 5.902707504894084e-05, 9.943848769065193e-05, 1.1151007970493857e-05, 9.085125117277593e-05, 0.0, 1.3221328962872006e-05, 7.399303050592539e-05, 5.170654803719902e-05, 3.4282767840222483e-05, 3.825250922220865e-05, 1.1769297297493525e-06, 3.715489576575203e-05, 5.730595003332413e-05, 3.2956724891738514e-05, 1.313881552847459e-05, 0.00012791856118252523, 2.8449296951293946e-05, 7.459643015560787e-05, 5.706902025150805e-05, 3.928949141661355e-05, 6.507712592691375e-05, 9.705312628991355e-05, 8.251991149723202e-05]",1,1
"[""they've"", 'caught', 'his', 'eye', 'in', 'quot', 'helping', 'themselves', 'quot', 'ricky', 'bryant', 'chas', 'gessner', 'michael', 'jennings', 'and', 'david', 'patten', 'did', 'nothing', 'friday', 'night', 'to', 'make', 'bill', ""belichick's"", 'decision', 'on', 'what', 'to', 'do', 'with', 'his', 'receivers', 'any', 'easier']","[2.0341588820790907e-05, 3.8389998081206354e-06, 8.324990690980903e-06, 2.2949725178721136e-05, 2.0061449690105255e-05, 2.903404836718128e-05, 2.137438370465997e-05, 2.02441741371263e-05, 1.876200087371566e-05, 4.442913038299425e-05, 1.526706730942073e-05, 2.7922369664878912e-05, 4.047672296342049e-05, 9.912961866080926e-06, 4.469676801784108e-05, 1.7049190754403913e-05, 6.207106354568351e-06, 4.634241045819389e-05, 1.5856638485589532e-05, 7.5285634552023844e-06, 1.6072739469075438e-05, 1.6057451477511155e-06, 7.136645101116069e-07, 2.6548168992551283e-05, 4.226798243185694e-06, 1.2460017037290249e-05, 1.331298262115763e-05, 4.049430758271219e-06, 0.0, 0.0, 0.0, 1.7173126940680603e-06, 1.3960927390453948e-05, 2.6642079353711394e-05, 1.300014272148881e-05, 4.793313808433727e-06]",1,1
"['indians', 'mount', 'charge', 'the', 'cleveland', 'indians', 'pulled', 'within', 'one', 'game', 'of', 'the', 'al', 'central', 'lead', 'by', 'beating', 'the', 'minnesota', 'twins', '7-1', 'saturday', 'night', 'with', 'home', 'runs', 'by', 'travis', 'hafner', 'and', 'victor', 'martinez']","[0.00034947454162568284, 0.00037039621618121333, 0.00033235443191348, 0.0002948304087810547, 1.741856000029042e-05, 0.0, 0.00028481877303446017, 4.4156263587959804e-05, 6.091084360928251e-05, 0.0001329403851077024, 0.0, 3.5530963132394436e-05, 2.58335469623313e-05, 0.00041387179535315195, 0.00022062484599938228, 0.00014498574969449692, 9.824620771108166e-05, 0.0, 0.0, 0.0, 0.0, 2.812962336458351e-05, 0.00022014023272997216, 0.0003724810813193036, 0.0, 1.5471276265614218e-05, 0.00010629278965118627, 0.00020444002050627632, 0.00016720871166969888, 0.00011292383762045644, 5.761919348830421e-05, 0.00014625191688537597]",1,1
"['sister', 'of', 'man', 'who', 'died', 'in', 'vancouver', 'police', 'custody', 'slams', 'chief', 'canadian', 'press', 'canadian', 'press', 'vancouver', 'cp', 'the', 'sister', 'of', 'a', 'man', 'who', 'died', 'after', 'a', 'violent', 'confrontation', 'with', 'police', 'has', 'demanded', 'the', ""city's"", 'chief', 'constable', 'resign', 'for', 'defending', 'the', 'officer', 'involved']","[0.00030780933413662346, 0.0, 0.00022255121945278253, 3.3403405602522535e-05, 0.0001922568210351465, 0.0, 0.0012646027227738437, 0.0006140970255722805, 0.0017489749175796615, 0.0012849462215089153, 0.0013375179287093033, 0.002458428433183675, 0.004125573437478467, 0.001431416167819814, 0.00378909439121429, 0.0015140391014807312, 0.0009281171034764111, 0.001653511004571517, 0.0002489620226694454, 0.0, 0.00017851611590953038, 4.2233271883358574e-05, 0.0, 0.0005514712278311898, 7.335410022240323e-05, 0.0, 0.000187624047002373, 0.00019242577920069125, 0.0002501793309845486, 0.00011243958663578133, 0.00038487161675950855, 0.00026536305678085564, 0.00011874745726619087, 0.0003721797738614572, 4.71445739810627e-05, 0.0002107378769770003, 0.00019348641824183056, 5.3425782731777435e-05, 0.0003479369940166642, 0.00010485359838203726, 0.0001392646567588412, 0.0]",0,0
"['man', 'sought', '36', '50m', 'from', 'mcgreevey', 'aides', 'say', 'ap', 'ap', 'the', 'man', 'who', 'claims', 'gov', 'james', 'e', 'mcgreevey', 'sexually', 'harassed', 'him', 'was', 'pushing', 'for', 'a', 'cash', 'settlement', 'of', 'up', 'to', '36', '50', 'million', 'before', 'the', 'governor', 'decided', 'to', 'announce', 'that', 'he', 'was', 'gay', 'and', 'had', 'an', 'extramarital', 'affair', 'sources', 'told', 'the', 'associated', 'press']","[0.02321634932145611, 0.000859096364544668, 0.0, 0.0028788793403729104, 0.007078367550471342, 0.008284232632394875, 0.15775980220669877, 0.001990359041408738, 0.005188799644630495, 0.10976229916651602, 0.0008417558424776512, 0.0009196069371943111, 0.0003100861309524703, 0.0003938409581537742, 0.0016323565522666, 0.0003395853199737385, 0.0005072389302430304, 0.16837423103697202, 0.0004109642554431068, 0.000264565402279389, 0.002324273568557538, 0.000256266405990363, 0.00017905643391180755, 2.135592491436098e-05, 0.0, 0.0047198154050104345, 0.0006827146864148907, 6.13219307607629e-05, 0.0007635126694194485, 0.00014634053576829576, 0.0, 0.0002255937308744375, 0.0, 0.00036511415887020946, 0.0015083531416467703, 0.00014821825042016167, 0.00046814396393949167, 0.0, 0.00013702011683619633, 8.238508108245469e-06, 5.327211931292752e-05, 3.6151051904766983e-05, 0.00036388488233859436, 0.00013857750028469, 8.438909537156555e-05, 1.9526334152659714e-05, 0.00044354103030675097, 0.0, 0.000312842408176363, 0.0009330394607799761, 0.0, 9.050589621772522e-05, 0.0022712655683530722]",0,0
"['explosions', 'echo', 'throughout', 'najaf', 'najaf', 'iraq', 'explosions', 'and', 'gunfire', 'rattled', 'through', 'the', 'city', 'of', 'najaf', 'as', 'u', 's', 'troops', 'in', 'armored', 'vehicles', 'and', 'tanks', 'rolled', 'back', 'into', 'the', 'streets', 'here', 'sunday', 'a', 'day', 'after', 'the', 'collapse', 'of', 'talks', 'and', 'with', 'them', 'a', 'temporary', 'cease-fire', 'intended', 'to', 'end', 'the', 'fighting', 'in', 'this', 'holy', 'city']","[3.52711709697545e-05, 3.38725376605723e-05, 2.399680695667142e-05, 2.3021061860703062e-05, 2.3570224000078597e-05, 5.890715862286376e-05, 6.131717793846108e-05, 1.1582307234114611e-05, 2.0765250832943607e-05, 9.462266091347334e-06, 1.7364772219887205e-05, 2.3391766712972706e-06, 8.435881450728254e-06, 0.0, 3.738367524409514e-05, 4.54060368339751e-05, 4.88220291860011e-05, 0.0, 3.395354138657326e-05, 1.6983676913057765e-05, 1.4120024442773233e-05, 7.043879333007833e-06, 2.578546044269036e-06, 6.864674986465015e-06, 1.1862579568952374e-05, 1.2638546165196912e-05, 7.421351691088222e-06, 1.592855991925696e-06, 9.4384092496219e-06, 9.114168475120893e-06, 2.8425553135849345e-05, 2.0798694589957585e-05, 5.632972160789433e-06, 4.7558281745332295e-06, 0.0, 4.210639153380901e-06, 0.0, 9.362649958631008e-05, 1.0880499890955003e-05, 7.638139036837252e-06, 9.818216488781952e-06, 1.4993645509317163e-06, 3.147482826608541e-05, 1.750508680805367e-05, 2.24833394763355e-05, 0.0, 1.8173064232024674e-06, 2.9534761413654493e-06, 7.763394326816444e-06, 4.113202289488188e-06, 2.261844953354665e-05, 1.4384069074457994e-05, 7.992422801116059e-06]",0,0
"['frail', 'pope', 'celebrates', 'mass', 'at', 'lourdes', 'lourdes', 'france', 'a', 'frail', 'pope', 'john', 'paul', 'ii', 'breathing', 'heavily', 'and', 'gasping', 'at', 'times', 'celebrated', 'an', 'open-air', 'mass', 'on', 'sunday', 'for', 'several', 'hundred', 'thousand', 'pilgrims', 'many', 'in', 'wheelchairs', 'at', 'a', 'shrine', 'to', 'the', 'virgin', 'mary', 'that', 'is', 'associated', 'with', 'miraculous', 'cures', 'at', 'one', 'point', 'he', 'said', 'help', 'me', 'in', 'polish', 'while', 'struggling', 'through', 'his', 'homily', 'in', 'french']","[0.00015460391855826673, 0.003331794328107207, 0.0005988559582720452, 0.0012655303280127248, 0.00029483899041590403, 0.00032703604980431167, 5.586774595974742e-05, 0.0004387857530208644, 0.00012379904682111392, 0.00019519387941089336, 2.806442437393229e-05, 0.0, 0.0, 0.0, 7.189457533473217e-05, 3.978725744002433e-05, 1.446280295478294e-05, 9.385257789016718e-05, 6.280535147328329e-05, 6.523619622521298e-05, 0.00013787472271061603, 2.432063473911232e-05, 0.00016135113133173903, 1.4912614659207118e-05, 2.0587067722414693e-05, 0.00039609439091169683, 0.00010650554560762803, 3.549743091922717e-05, 4.557927862483856e-06, 0.00011249529387009795, 8.147868706666912e-05, 8.36237627401503e-05, 9.129722614854328e-05, 0.000201849264635234, 8.845737876763296e-05, 1.4215162954546467e-05, 4.8124622736315e-05, 1.3136171367699429e-05, 0.0, 0.0, 1.7105132757125554e-05, 5.580305591376598e-05, 2.0984756027014475e-05, 5.384002748611984e-05, 0.0, 0.00019895337031296584, 9.602084996875378e-05, 0.0, 1.8736371484847757e-05, 0.00013471883996056798, 8.684789374189433e-05, 9.178157485666191e-05, 4.662668263562662e-05, 7.887790935004601e-05, 3.760064078655545e-05, 2.841517368595719e-05, 2.957964791392112e-05, 4.2334691271708574e-05, 1.1717336644620339e-05, 1.3473548174107431e-05, 4.4643456105197914e-05, 1.8263809533474043e-05, 0.00027834121295842995]",0,0
"['venezuela', 'prepares', 'for', 'chavez', 'recall', 'vote', 'supporters', 'and', 'rivals', 'warn', 'of', 'possible', 'fraud', 'government', 'says', ""chavez's"", 'defeat', 'could', 'produce', 'turmoil', 'in', 'world', 'oil', 'market']","[0.04890303068265854, 0.018907617066419958, 0.07023088750192512, 0.02836576255092828, 0.03540759549248401, 0.03733106281580726, 0.014406878543595, 0.010213572883933538, 0.012314735484722625, 0.01955695277912081, 0.0009559191690855875, 0.031392398331650834, 0.04643108194996337, 0.02856460671064384, 0.0576657976210692, 0.02916860508124259, 0.04045955320190293, 0.008362029079973916, 0.024312472653029677, 0.055155120987675214, 0.011056132364228054, 0.01156847890981664, 0.10402228033156292, 0.0]",0,0
"['1994', 'law', 'designed', 'to', 'preserve', 'guard', 'jobs', 'ap', 'ap', 'a', '1994', 'law', 'strengthened', 'job', 'protections', 'for', 'national', 'guard', 'and', 'reserve', 'troops', 'called', 'to', 'active', 'duty', 'here', 'are', 'major', 'provisions', 'of', 'the', 'uniformed', 'services', 'employment', 'and', 'reemployment', 'rights', 'act', 'userra']","[0.0024798109591550543, 0.003823887077555834, 0.0050528121413570375, 0.0, 0.007485726626167323, 0.13910995041556057, 0.007172072293959953, 0.0012626726957642872, 0.002391536398719784, 0.00017308916624827903, 0.0018291431590962996, 0.006298037647653074, 0.0027487541211576646, 0.004289406616162857, 0.005745428537345016, 0.0, 0.0005910348012767462, 0.0, 0.0, 0.0013978151832149028, 0.003898359221032539, 0.0031988494370376493, 0.0005173989552438642, 3.841321429732351e-05, 0.0007533731156698091, 0.01637641551770875, 0.003821497391528696, 0.00241676219067321, 0.0067336849241938735, 0.004049356336071576, 0.0015452286274952453, 0.008777003403820436, 0.0028952213898455694, 0.013033924364757017, 0.0008760614561048218, 0.03312467173882155, 0.028603469725490976, 0.05680411082735666, 0.0]",0,3
"['iran', 'warns', 'its', 'missiles', 'can', 'hit', 'anywhere', 'in', 'israel', 'tehran', 'reuters', 'a', 'senior', 'iranian', 'military', 'official', 'said', 'sunday', 'israel', 'and', 'the', 'united', 'states', 'would', 'not', 'dare', 'attack', 'iran', 'since', 'it', 'could', 'strike', 'back', 'anywhere', 'in', 'israel', 'with', 'its', 'latest', 'missiles', 'news', 'agencies', 'reported']","[0.00016264024611042688, 0.00016130913550238587, 9.492255232050468e-05, 0.0001546919345855713, 2.2207245271624607e-05, 6.811675229524281e-05, 0.00027216041248264756, 0.0, 0.0003724885648155045, 0.00041742850251261893, 0.000286434773946232, 0.00012469433418187798, 0.00012829107336253333, 7.817824160107497e-05, 0.00019530543981871636, 9.017128929047725e-05, 0.0001567583539403572, 0.0, 0.0002343314665044037, 7.949044271510512e-05, 0.0, 0.0, 7.358265217267953e-06, 4.125715793896283e-05, 3.566741943359375e-05, 0.0002479154137841071, 1.393069647861799e-05, 9.094457002608634e-06, 0.00015889688680457075, 7.08151891060815e-05, 1.0839768317142083e-05, 9.061736258715642e-05, 6.67486088584909e-05, 7.63899994057442e-05, 4.048979611551575e-05, 9.443980452739954e-05, 0.0001300713654400908, 0.0003457958748303894, 0.00012283392272529071, 0.00028561397277580846, 0.0001976054911678399, 0.00030449546781318023, 5.808683184372032e-05]",0,0
"['afghan', 'army', 'dispatched', 'to', 'calm', 'violence', 'kabul', 'afghanistan', 'government', 'troops', 'intervened', 'in', ""afghanistan's"", 'latest', 'outbreak', 'of', 'deadly', 'fighting', 'between', 'warlords', 'flying', 'from', 'the', 'capital', 'to', 'the', 'far', 'west', 'on', 'u', 's', 'and', 'nato', 'airplanes', 'to', 'retake', 'an', 'air', 'base', 'contested', 'in', 'the', 'violence', 'officials', 'said', 'sunday']","[0.00452985644748434, 1.8827771263741974e-05, 7.252852919225448e-05, 4.1350320638914734e-05, 2.1543184234398594e-05, 1.6157042125662338e-05, 0.0, 4.3939653526388923e-05, 7.631506944070014e-05, 1.4281330380954685e-05, 3.0465606234169765e-05, 8.75848267519699e-06, 1.3855672727503742e-05, 2.4316691039321088e-05, 2.9124835437078994e-05, 2.054277346471597e-06, 0.00011984950224698296, 7.089825438538236e-06, 1.5227093893119869e-05, 1.4040978678305373e-05, 1.1299977328534857e-05, 0.0, 0.0, 7.2546198824780585e-06, 7.467301203155422e-06, 0.0, 9.64569075035e-06, 9.843412285176404e-07, 8.23598860559429e-06, 3.049568703866948e-05, 6.510837870354265e-05, 5.6459190852970014e-05, 2.177229520884536e-05, 1.607923340908013e-05, 0.0, 1.3925277502535709e-05, 1.841049303467991e-06, 1.1225465651906206e-05, 0.00022805988114692405, 1.0781209800074583e-05, 5.919609188124379e-06, 0.00010245329985515896, 2.6502136520679715e-05, 0.014937049100455357, 3.9890784045937494e-05, 1.368899664176323e-05]",0,0
"['johnson', 'helps', 'd-backs', 'end', 'nine-game', 'slide', 'ap', 'ap', 'randy', 'johnson', 'took', 'a', 'four-hitter', 'into', 'the', 'ninth', 'inning', 'to', 'help', 'the', 'arizona', 'diamondbacks', 'end', 'a', 'nine-game', 'losing', 'streak', 'sunday', 'beating', 'steve', 'trachsel', 'and', 'the', 'new', 'york', 'mets', '2-0']","[4.906077280087574e-05, 2.1668796945765107e-05, 9.480824618377198e-05, 3.7308321580642116e-05, 0.00020055215768169558, 4.980221258452016e-05, 9.516492776971958e-05, 7.744646388896164e-05, 4.668904887870029e-05, 1.418053125514056e-05, 1.7195870691149043e-05, 0.0, 2.2249620855065645e-05, 4.862803948967729e-07, 0.0, 2.101302321243637e-05, 0.0, 0.0, 0.0, 0.0, 0.0, 1.4947007567816778e-05, 1.5664219593723534e-06, 8.58306884765625e-07, 4.369498217242293e-05, 1.5194629498834744e-05, 1.2288673229145136e-05, 8.332364559905775e-06, 5.453608591966359e-05, 1.1561946418125625e-05, 5.164183572915569e-05, 3.8456916809082034e-05, 0.0, 0.0, 2.7818339066802877e-07, 9.127329921087631e-06, 0.0]",1,1
"['retailers', 'vie', 'for', 'back-to-school', 'buyers', 'reuters', 'reuters', 'apparel', 'retailers', 'are', 'hoping', 'their', 'back-to-school', 'fashions', 'will', 'make', 'the', 'grade', 'among', 'style-conscious', 'teens', 'and', 'young', 'adults', 'this', 'fall', 'but', 'it', 'could', 'be', 'a', 'tough', 'sell', 'with', 'students', 'and', 'parents', 'keeping', 'a', 'tighter', 'hold', 'on', 'their', 'wallets']","[0.0010252550575564766, 0.0002783034751252323, 7.836086354130642e-05, 0.03763984654209765, 0.00039539751841918586, 0.00012861638075681677, 0.07481301065752752, 0.0009618081370957037, 0.028955103584035177, 5.073637071337663e-05, 0.0003111770228900932, 0.0003767223898919261, 0.03216729434801796, 0.00059879066190748, 0.0, 0.0005470787655219586, 0.0002544098329423715, 0.000521858888927633, 0.0005131612611012175, 0.0001550430790339016, 0.00023181624503342183, 0.00016402990227444662, 5.286090246954637e-05, 1.9975707322200378e-05, 0.000536694433704062, 0.0009055941790463834, 0.0001876372084531875, 0.0006029327406193199, 3.453197065536391e-05, 9.599466850282901e-05, 0.0, 0.00023333912200394858, 0.0005609026742868806, 1.728197819486098e-05, 0.0001815495842991349, 0.0001875440423717498, 0.00017345689174212787, 9.725447946217812e-05, 2.936872224898159e-05, 5.774046038726076e-05, 0.00010764860798951328, 1.1904931095824991e-05, 6.381350161247952e-05, 7.277705474322815e-05]",2,2
"['politics', 'an', 'afterthought', 'amid', 'hurricane', 'ap', 'ap', 'if', 'hurricane', 'charley', 'had', 'struck', 'three', 'years', 'ago', 'president', ""bush's"", 'tour', 'through', 'the', 'wreckage', 'of', 'this', 'coastal', 'city', 'would', 'have', 'been', 'just', 'the', 'sort', 'of', 'post-disaster', 'visit', 'that', 'other', 'presidents', 'have', 'made', 'to', 'the', 'scenes', 'of', 'storms', 'earthquakes', 'floods', 'and', 'fires']","[0.1632591642332898, 0.02366240623934925, 0.221064333163218, 0.14869563877189593, 0.2996063382042694, 0.14587879656744804, 0.22789647143274813, 0.17326082168915208, 0.0, 0.11269106837735249, 0.0, 0.0839020434419907, 0.0814167012917884, 0.05810576581232018, 0.04402224609290495, 0.006724687593035953, 0.20430793781325313, 0.09490630157846128, 0.01786860450601222, 0.0, 0.052676974703105416, 0.06262249159545562, 0.0542353532110915, 0.0649424706316102, 0.14529519412621417, 0.003827135589774418, 0.0, 0.0, 0.059218073566769565, 0.0, 0.010240192115225035, 0.0, 0.02601207208996149, 0.07945331567971499, 0.042728757309314136, 0.057214644157649264, 0.13276676049925468, 0.025871582744567644, 0.0270925656753731, 0.023524449634334324, 0.031010638554988368, 0.02437273989451176, 0.05310364522015949, 0.07509634236029823, 0.033446339294075894, 0.08465162066405144, 0.21956583583270664, 0.06868528989399451]",0,0
"['spam', 'suspension', 'hits', 'sohu', 'com', 'shares', 'ft', 'com', 'ft', 'com', 'shares', 'in', 'sohu', 'com', 'a', 'leading', 'us-listed', 'chinese', 'internet', 'portal', 'fell', 'more', 'than', '10', 'per', 'cent', 'on', 'friday', 'after', ""china's"", 'biggest', 'mobile', 'phone', 'network', 'operator', 'imposed', 'a', 'one-year', 'suspension', 'on', 'its', 'multimedia', 'messaging', 'services', 'because', 'of', 'customers', 'being', 'sent', 'spam']","[0.07499848358829969, 0.04734162333443047, 0.027712574985935955, 0.0032102363283090522, 0.013929156114773751, 0.03780878854978712, 0.0378805286597175, 0.03651825471958419, 0.016106420716051506, 0.01683571748540226, 0.03769154323956046, 0.02428698438165778, 0.026269188725103126, 0.13386947236329116, 0.043230029355218524, 0.021170273367596255, 0.01026712118486122, 0.009353843780078676, 0.022350448525729184, 0.007798671833711214, 0.021714384149765897, 0.001805934221371947, 0.0, 0.0034065795425691015, 0.0, 0.0, 0.008678913711365558, 0.025735318640982923, 0.05910618908351887, 0.006018874802785444, 0.003655332786862857, 0.0014481893038328863, 0.004788324195218916, 0.004499156890196562, 0.015014277478650528, 0.006629673497634334, 0.0, 0.010999390876619872, 0.0006201670720496521, 0.004635511349022625, 0.00891571079996343, 0.00453199570564196, 0.01110022603728927, 0.00589354784855996, 0.0012620350753212663, 0.0, 0.00706822113296756, 0.003860752849438234, 0.009326119758484023, 0.0]",3,3
"[""erstad's"", 'double', 'lifts', 'angels', 'to', 'win', 'ap', 'ap', 'darin', 'erstad', 'doubled', 'in', 'the', 'go-ahead', 'run', 'in', 'the', 'eighth', 'inning', 'lifting', 'the', 'anaheim', 'angels', 'to', 'a', '3-2', 'victory', 'over', 'the', 'detroit', 'tigers', 'on', 'sunday', 'the', 'win', 'pulled', 'anaheim', 'within', 'a', 'percentage', 'point', 'of', 'boston', 'and', 'texas', 'in', 'the', 'al', 'wild-card', 'race']","[6.167760153263906e-05, 7.243602168046044e-05, 0.00023666631400549526, 0.00022365011215624665, 0.0, 0.00011044001823698292, 0.00010749428510799044, 0.00039347628487232676, 0.0003952110699974029, 0.00023737720896443447, 0.000195872328400003, 1.5174736460504973e-05, 0.0, 4.115632163119844e-05, 0.0, 0.0, 0.0, 6.098526495794001e-05, 6.17567127283024e-05, 4.984065551168481e-05, 0.0, 4.87217568785935e-05, 0.0, 3.252605798580029e-06, 0.0, 0.0001946748414909316, 7.066446754378427e-05, 6.2698256512101875e-06, 0.0, 0.0, 0.0, 0.00021071897200129004, 0.0003654208673226232, 0.00011556186766524353, 6.363369236911551e-05, 8.227324922706529e-05, 8.59992013477068e-05, 6.94388540552118e-06, 1.1993891070072567e-05, 6.94421938230391e-05, 3.304550026609361e-05, 1.7247370221417785e-05, 3.380751544564544e-05, 4.0242601976323056e-05, 7.330225537956902e-05, 0.00023871978217774686, 0.0, 0.00019240254716669522, 0.0002653038382243164, 0.0]",1,1
"['drew', 'out', 'of', ""braves'lineup"", 'after', 'injury', 'ap', 'ap', 'outfielder', 'j', 'd', 'drew', 'missed', 'the', 'atlanta', ""braves'game"", 'against', 'the', 'st', 'louis', 'cardinals', 'on', 'sunday', 'night', 'with', 'a', 'sore', 'right', 'quadriceps']","[0.00027251577406708173, 4.852974033854924e-05, 0.00015161149789841573, 4.262537688363308e-05, 0.00019572452537213402, 0.00024341836505670388, 0.0002339989822423863, 0.0005050505564305654, 0.00019286659912022964, 0.0004862781515149582, 0.0001637183509719162, 0.0001236554120171607, 0.0001100995987066038, 7.882598081067746e-05, 0.00020200511522998604, 5.607982329402002e-05, 0.0, 0.0, 2.968157180861842e-05, 0.0, 0.0, 1.4026862506376376e-05, 9.490973752760716e-05, 1.2570692907211673e-05, 3.2599820146454653e-05, 0.0, 3.287516749110266e-05, 5.694738920721908e-05, 5.537989346529681e-05]",1,1
"['venezuelans', 'flood', 'polls', 'voting', 'extended', 'caracas', 'venezuela', 'reuters', 'venezuelans', 'voted', 'in', 'huge', 'numbers', 'on', 'sunday', 'in', 'a', 'historic', 'referendum', 'on', 'whether', 'to', 'recall', 'left-wing', 'president', 'hugo', 'chavez', 'and', 'electoral', 'authorities', 'prolonged', 'voting', 'well', 'into', 'the', 'night']","[0.019358294104628068, 0.06352468434745406, 0.12944799661849707, 0.12702750788285128, 0.08849479010628294, 0.007894721129588876, 0.08290785497992112, 0.05473343388445107, 0.09300426837953797, 0.09247176474298445, 0.0, 0.009385882541868033, 0.019980245613533655, 0.0, 0.14036935212479662, 0.009241489922437295, 0.006225085294577124, 0.01755467342518778, 0.03723098779161987, 0.008008413335333444, 0.01042560205186461, 0.0, 0.008709002394554797, 0.008775510275115313, 0.01755329562573201, 0.0, 0.0, 0.02345135700636811, 0.011114698667820163, 0.01632931869681181, 0.021727767808421554, 0.005507497001481577, 0.008153025704931718, 0.0, 0.007738909716201376, 0.009973698929874493]",0,0
"['dell', 'exits', 'low-end', 'china', 'consumer', 'pc', 'market', 'hong', 'kong', 'reuters', 'dell', 'inc', 'lt', 'dell', 'o', 'gt', 'the', ""world's"", 'largest', 'pc', 'maker', 'said', 'on', 'monday', 'it', 'has', 'left', 'the', 'low-end', 'consumer', 'pc', 'market', 'in', 'china', 'and', 'cut', 'its', 'overall', 'growth', 'target', 'for', 'the', 'country', 'this', 'year', 'due', 'to', 'stiff', 'competition', 'in', 'the', 'segment']","[0.019552557628742338, 0.016684690704252332, 0.020907563311748558, 0.013148450239643578, 0.003700288469054324, 0.0046444700841426195, 0.021645005079805917, 0.030515209346356445, 0.0, 0.11952892183564967, 0.015423637691042004, 0.013573010149265373, 0.01629617145619605, 0.0036932124344591197, 0.0049793419218639385, 0.011043879397872656, 0.022091955774372146, 0.015172510440964085, 0.007493537611645714, 0.002527186377812293, 0.010498056640730306, 0.01707197423000975, 0.00478466938894178, 0.009095094342339174, 0.007133916325806266, 0.0006452483776168138, 0.006494621264532839, 0.004498041153316857, 0.014000250722794432, 0.0, 0.0, 0.0, 0.007627020151794757, 0.018442022921912944, 0.00516403800398394, 0.006556144646447577, 0.0012113124758727275, 0.006160022418944686, 0.007884237079476329, 0.008591166090013086, 0.002642052584616121, 0.0011744590948940925, 0.004019010968116374, 0.003233652396581462, 0.006393269570847368, 0.00011750038447370355, 0.0, 0.0066348064851285745, 0.004830416598219575, 0.00554253736531212, 0.00825451148703901, 0.0037805562601341863]",3,3
"['china', 'says', 'taiwan', 'spy', 'also', 'operated', 'in', 'u', 's', 'media', 'beijing', 'reuters', 'beijing', 'on', 'monday', 'accused', 'a', 'chinese-american', 'arrested', 'for', 'spying', 'for', 'taiwan', 'of', 'building', 'an', 'espionage', 'network', 'in', 'the', 'united', 'states', 'and', 'said', 'he', 'could', 'go', 'on', 'trial', 'very', 'soon']","[0.15791242015737827, 0.0756230119370509, 0.0001080254214531321, 0.0013184691912153672, 0.000717769730107232, 0.0047816235135858445, 0.00017188920759700135, 0.0001698131559133979, 0.000948156926683484, 0.0, 0.0004826792010530687, 0.0043834479660372905, 0.00030148229756215303, 0.00035845522631151633, 0.12256771815812426, 0.00034741633762601457, 8.977758354222339e-05, 0.00021437235360985418, 0.0002742036682899774, 0.0, 7.700259996768235e-05, 9.150210342414672e-05, 0.008592531709629442, 7.5566151712507e-05, 0.00023424794376213814, 0.0, 0.10268602567360093, 0.0005139887633321443, 0.00011023579616653196, 0.0, 0.0, 4.030906166126096e-05, 4.212722060198963e-05, 6.256949699986839e-05, 4.0521859445525626e-05, 7.129149036593256e-05, 4.324341529528494e-05, 1.4197947746241812e-05, 0.1345816954698789, 0.00010644994241409976, 9.062358919070016e-06]",0,0
"['another', 'major', 'non-factor', 'another', 'major', 'another', 'disappointment', 'for', 'tiger', 'woods', 'the', 'no', '1', 'ranked', 'player', 'in', 'the', 'world', 'who', 'has', 'not', 'won', 'a', 'major', 'championship', 'since', 'his', 'triumph', 'at', 'the', '2002', 'u', 's', 'open']","[2.8163051408631022e-05, 1.766684084284443e-05, 2.2642420339866664e-05, 3.9846235838564075e-05, 4.1017122224928255e-05, 5.843920313258458e-05, 1.4269439376893304e-05, 2.6044865175234623e-05, 0.0, 1.5288498304793038e-05, 1.762005603238232e-05, 0.0, 3.192166463323864e-05, 2.5992848661686774e-05, 9.982499828412412e-06, 0.0, 0.0, 3.083196170261831e-06, 6.20562948413295e-07, 8.79464238927322e-06, 1.9900811793943597e-06, 0.0, 0.0, 6.558708403057756e-06, 5.658272273731751e-06, 0.0, 0.0, 1.2600894479472102e-05, 4.217306506290944e-06, 0.0, 1.0372609528569744e-05, 1.5920376692336225e-05, 1.635458432376925e-05, 0.0]",1,1
